PERSON,sentence,page_where_occured
Roy,"A post criticizing the Singaporean government’s management of the Central Provident Fund (CPF) for retirees got blogger Roy Ngerng into deep trouble with Prime Minister Lee Hsien Loong, who is not only suing him but also seeking a summary judgement, in which the court would rule without examining the substance of the case.
",3kyl4i7bfdgwelmf.htm
Ngerng,"A post criticizing the Singaporean government’s management of the Central Provident Fund (CPF) for retirees got blogger Roy Ngerng into deep trouble with Prime Minister Lee Hsien Loong, who is not only suing him but also seeking a summary judgement, in which the court would rule without examining the substance of the case.
",3kyl4i7bfdgwelmf.htm
Lee,"A post criticizing the Singaporean government’s management of the Central Provident Fund (CPF) for retirees got blogger Roy Ngerng into deep trouble with Prime Minister Lee Hsien Loong, who is not only suing him but also seeking a summary judgement, in which the court would rule without examining the substance of the case.
",3kyl4i7bfdgwelmf.htm
Hsien,"A post criticizing the Singaporean government’s management of the Central Provident Fund (CPF) for retirees got blogger Roy Ngerng into deep trouble with Prime Minister Lee Hsien Loong, who is not only suing him but also seeking a summary judgement, in which the court would rule without examining the substance of the case.
",3kyl4i7bfdgwelmf.htm
Loong,"A post criticizing the Singaporean government’s management of the Central Provident Fund (CPF) for retirees got blogger Roy Ngerng into deep trouble with Prime Minister Lee Hsien Loong, who is not only suing him but also seeking a summary judgement, in which the court would rule without examining the substance of the case.
",3kyl4i7bfdgwelmf.htm
Alek,"More
Alek Boyd is a UK-based Venezuelan who blogs about corruption in Venezuela on infodio.com.",3kyl4i7bfdgwelmf.htm
Boyd,"More
Alek Boyd is a UK-based Venezuelan who blogs about corruption in Venezuela on infodio.com.",3kyl4i7bfdgwelmf.htm
Boyd,"Since then, Boyd’s blog has been blocked in Venezuela.
",3kyl4i7bfdgwelmf.htm
Nikki,"The Iranian news website Khabarnegaran.info has just published an article by Nikki Azad entitled “Journalists who worship the government,” which criticizes the lack of neutrality of certain Iranian media since Hassan Rouhani became president.",3kyl4i7bfdgwelmf.htm
Azad,"The Iranian news website Khabarnegaran.info has just published an article by Nikki Azad entitled “Journalists who worship the government,” which criticizes the lack of neutrality of certain Iranian media since Hassan Rouhani became president.",3kyl4i7bfdgwelmf.htm
Hassan,"The Iranian news website Khabarnegaran.info has just published an article by Nikki Azad entitled “Journalists who worship the government,” which criticizes the lack of neutrality of certain Iranian media since Hassan Rouhani became president.",3kyl4i7bfdgwelmf.htm
Rouhani,"The Iranian news website Khabarnegaran.info has just published an article by Nikki Azad entitled “Journalists who worship the government,” which criticizes the lack of neutrality of certain Iranian media since Hassan Rouhani became president.",3kyl4i7bfdgwelmf.htm
Nikki,Nikki Azad is not the writer’s real name.,3kyl4i7bfdgwelmf.htm
Azad,Nikki Azad is not the writer’s real name.,3kyl4i7bfdgwelmf.htm
Khabarnegaran,"Khabarnegaran’s journalists use pseudonyms in order to be able to speak their minds.
",3kyl4i7bfdgwelmf.htm
Pedro,"CONATEL chief Pedro Maldonado said 50 websites were concerned by the measure.
",3kyl4i7bfdgwelmf.htm
Maldonado,"CONATEL chief Pedro Maldonado said 50 websites were concerned by the measure.
",3kyl4i7bfdgwelmf.htm
Roy,"A post criticizing the Singaporean government’s management of the Central Provident Fund (CPF) for retirees got blogger Roy Ngerng into deep trouble with Prime Minister Lee Hsien Loong, who is not only suing him but also seeking a summary judgem
",3kyl4i7bfdgwelmf.htm
Ngerng,"A post criticizing the Singaporean government’s management of the Central Provident Fund (CPF) for retirees got blogger Roy Ngerng into deep trouble with Prime Minister Lee Hsien Loong, who is not only suing him but also seeking a summary judgem
",3kyl4i7bfdgwelmf.htm
Lee,"A post criticizing the Singaporean government’s management of the Central Provident Fund (CPF) for retirees got blogger Roy Ngerng into deep trouble with Prime Minister Lee Hsien Loong, who is not only suing him but also seeking a summary judgem
",3kyl4i7bfdgwelmf.htm
Hsien,"A post criticizing the Singaporean government’s management of the Central Provident Fund (CPF) for retirees got blogger Roy Ngerng into deep trouble with Prime Minister Lee Hsien Loong, who is not only suing him but also seeking a summary judgem
",3kyl4i7bfdgwelmf.htm
Loong,"A post criticizing the Singaporean government’s management of the Central Provident Fund (CPF) for retirees got blogger Roy Ngerng into deep trouble with Prime Minister Lee Hsien Loong, who is not only suing him but also seeking a summary judgem
",3kyl4i7bfdgwelmf.htm
Alek,"More
Alek Boyd is a UK-based Venezuelan who blogs about corruption in Venezuela on infodio.com.
",3kyl4i7bfdgwelmf.htm
Boyd,"More
Alek Boyd is a UK-based Venezuelan who blogs about corruption in Venezuela on infodio.com.
",3kyl4i7bfdgwelmf.htm
Nikki,"The Iranian news website Khabarnegaran.info has just published an article by Nikki Azad entitled “Journalists who worship the government,” which criticizes the lack of neutrality of certain Iranian media since Hassan Rouhani became president.
",3kyl4i7bfdgwelmf.htm
Azad,"The Iranian news website Khabarnegaran.info has just published an article by Nikki Azad entitled “Journalists who worship the government,” which criticizes the lack of neutrality of certain Iranian media since Hassan Rouhani became president.
",3kyl4i7bfdgwelmf.htm
Hassan,"The Iranian news website Khabarnegaran.info has just published an article by Nikki Azad entitled “Journalists who worship the government,” which criticizes the lack of neutrality of certain Iranian media since Hassan Rouhani became president.
",3kyl4i7bfdgwelmf.htm
Rouhani,"The Iranian news website Khabarnegaran.info has just published an article by Nikki Azad entitled “Journalists who worship the government,” which criticizes the lack of neutrality of certain Iranian media since Hassan Rouhani became president.
",3kyl4i7bfdgwelmf.htm
Yavuz,"The conservative Turkish daily Sabah fired well-known journalist Yavuz Baydar as its ombudsman on 23 July after refusing to print his last two commentaries.
",3kyl4i7bfdgwelmf.htm
Baydar,"The conservative Turkish daily Sabah fired well-known journalist Yavuz Baydar as its ombudsman on 23 July after refusing to print his last two commentaries.
",3kyl4i7bfdgwelmf.htm
Michael,"More
During the 2011 presidential election campaign, Patriotic Front leader Michael Sata, the opposition challenger, promised to rid the Zambian media of government interference if elected.
",3kyl4i7bfdgwelmf.htm
Sata,"More
During the 2011 presidential election campaign, Patriotic Front leader Michael Sata, the opposition challenger, promised to rid the Zambian media of government interference if elected.
",3kyl4i7bfdgwelmf.htm
Liliane,"After finding them guilty of invading privacy, a Versailles appeal court ordered Mediapart and Le Point to purge their websites of all the recordings (and transcripts of the recordings) made by billionaire heiress Liliane Bettencourt’s butler in her home without her knowledge in 2009 and 20
",3kyl4i7bfdgwelmf.htm
Bettencourt,"After finding them guilty of invading privacy, a Versailles appeal court ordered Mediapart and Le Point to purge their websites of all the recordings (and transcripts of the recordings) made by billionaire heiress Liliane Bettencourt’s butler in her home without her knowledge in 2009 and 20
",3kyl4i7bfdgwelmf.htm
Admin,"Admin and Support work from Monday till Friday, so",fiw27htrk5av3bnhfjtl23dn62fa6e3rwlhtvkimthy46jbuxuy3jdyd.htm
Admin,"Admin and Support work from Monday till Friday,",countfe766hqe4qd.htm
Cashapp,Now is a great time to choose a plan that's right for you!Login and begin sending Cashapp transfers.,mafiaubmzkeimljdhv5pa7wfr7lveyvceshaj2myeol24enu7rlh56yd.htm
Cashapp,Send Cashapp transfers to multiple receivers.,mafiaubmzkeimljdhv5pa7wfr7lveyvceshaj2myeol24enu7rlh56yd.htm
Cashapp,Each time you send a Cashapp transfer it is sent from a unique sender Cashapp account.,mafiaubmzkeimljdhv5pa7wfr7lveyvceshaj2myeol24enu7rlh56yd.htm
Cashapp,Each time you send a Cashapp transfer it is sent from a unique sender Cashapp account.,mafiaubmzkeimljdhv5pa7wfr7lveyvceshaj2myeol24enu7rlh56yd.htm
Cashapp,Safely send Cashapp transfers without jeopardizing your account.,mafiaubmzkeimljdhv5pa7wfr7lveyvceshaj2myeol24enu7rlh56yd.htm
CashApp,CashApp Mafia is a web application to which users interacts in order to send secure Cashapp transfers.,mafiaubmzkeimljdhv5pa7wfr7lveyvceshaj2myeol24enu7rlh56yd.htm
Mafia,CashApp Mafia is a web application to which users interacts in order to send secure Cashapp transfers.,mafiaubmzkeimljdhv5pa7wfr7lveyvceshaj2myeol24enu7rlh56yd.htm
Cashapp,CashApp Mafia is a web application to which users interacts in order to send secure Cashapp transfers.,mafiaubmzkeimljdhv5pa7wfr7lveyvceshaj2myeol24enu7rlh56yd.htm
Tier,You may be eligible for 1 year or more of free Private Tier service!Contact us for details.,onionname3jpufot.htm
service!Contact,You may be eligible for 1 year or more of free Private Tier service!Contact us for details.,onionname3jpufot.htm
WU,", Now i can change the info of a WU mtcn and can redirect any 
payment on any name.",nkq6572rde7s73pemuo6fxz3elcu5xczfin3qy3eo36apakrqbevzdid.htm
WU,"INFO NEEDED FOR WU TRANSFER

",nkq6572rde7s73pemuo6fxz3elcu5xczfin3qy3eo36apakrqbevzdid.htm
TRANSFER,"INFO NEEDED FOR WU TRANSFER

",nkq6572rde7s73pemuo6fxz3elcu5xczfin3qy3eo36apakrqbevzdid.htm
deliver2,"If something bad happens we offer 100% refund if the package doesn't come to you.1 - Regular mailing, is included in the price and takes 5-7 days to deliver2 - Express shipping, costs $20 extra, delivers in 2 days, comes with a tracking",nkq6572rde7s73pemuo6fxz3elcu5xczfin3qy3eo36apakrqbevzdid.htm
-,"If something bad happens we offer 100% refund if the package doesn't come to you.1 - Regular mailing, is included in the price and takes 5-7 days to deliver2 - Express shipping, costs $20 extra, delivers in 2 days, comes with a tracking",nkq6572rde7s73pemuo6fxz3elcu5xczfin3qy3eo36apakrqbevzdid.htm
Express,"If something bad happens we offer 100% refund if the package doesn't come to you.1 - Regular mailing, is included in the price and takes 5-7 days to deliver2 - Express shipping, costs $20 extra, delivers in 2 days, comes with a tracking",nkq6572rde7s73pemuo6fxz3elcu5xczfin3qy3eo36apakrqbevzdid.htm
Paypal,"Once you buy Paypal Account from me I will provide you with a Cashout manual.
",nkq6572rde7s73pemuo6fxz3elcu5xczfin3qy3eo36apakrqbevzdid.htm
Account,"Once you buy Paypal Account from me I will provide you with a Cashout manual.
",nkq6572rde7s73pemuo6fxz3elcu5xczfin3qy3eo36apakrqbevzdid.htm
Risk,"There is no Risk, I will not explain how to cashout until you are my customer.
",nkq6572rde7s73pemuo6fxz3elcu5xczfin3qy3eo36apakrqbevzdid.htm
WU,"You will 
receive a transfer within 40 min at any WU office.",nkq6572rde7s73pemuo6fxz3elcu5xczfin3qy3eo36apakrqbevzdid.htm
Career,"Learn more about Career Opportunities at CIA.Learn how the CIA is organized into directorates and key offices, responsible for securing our nation.",ciadotgov4sjwlzihbbgxnqg3xiyrg7so2r2o3lt5wz5ypk4sxyjstad.htm
Opportunities,"Learn more about Career Opportunities at CIA.Learn how the CIA is organized into directorates and key offices, responsible for securing our nation.",ciadotgov4sjwlzihbbgxnqg3xiyrg7so2r2o3lt5wz5ypk4sxyjstad.htm
John,"To understand why COVID-19 killed so many young Black men, you need to know the legend of John Henry.by Akilah Johnson and Nina MartinDec.",propub3r6espa33w.htm
Henry.by,"To understand why COVID-19 killed so many young Black men, you need to know the legend of John Henry.by Akilah Johnson and Nina MartinDec.",propub3r6espa33w.htm
Akilah,"To understand why COVID-19 killed so many young Black men, you need to know the legend of John Henry.by Akilah Johnson and Nina MartinDec.",propub3r6espa33w.htm
Johnson,"To understand why COVID-19 killed so many young Black men, you need to know the legend of John Henry.by Akilah Johnson and Nina MartinDec.",propub3r6espa33w.htm
Nina,"To understand why COVID-19 killed so many young Black men, you need to know the legend of John Henry.by Akilah Johnson and Nina MartinDec.",propub3r6espa33w.htm
MartinDec,"To understand why COVID-19 killed so many young Black men, you need to know the legend of John Henry.by Akilah Johnson and Nina MartinDec.",propub3r6espa33w.htm
CST,"CST
Recently released documents show that NYPD commissioners have used their authority to reject the civilian review board’s recommendations and even guilty pleas from officers themselves.by Mollie Simon and Eric UmanskyDec.",propub3r6espa33w.htm
themselves.by,"CST
Recently released documents show that NYPD commissioners have used their authority to reject the civilian review board’s recommendations and even guilty pleas from officers themselves.by Mollie Simon and Eric UmanskyDec.",propub3r6espa33w.htm
Mollie,"CST
Recently released documents show that NYPD commissioners have used their authority to reject the civilian review board’s recommendations and even guilty pleas from officers themselves.by Mollie Simon and Eric UmanskyDec.",propub3r6espa33w.htm
Simon,"CST
Recently released documents show that NYPD commissioners have used their authority to reject the civilian review board’s recommendations and even guilty pleas from officers themselves.by Mollie Simon and Eric UmanskyDec.",propub3r6espa33w.htm
Eric,"CST
Recently released documents show that NYPD commissioners have used their authority to reject the civilian review board’s recommendations and even guilty pleas from officers themselves.by Mollie Simon and Eric UmanskyDec.",propub3r6espa33w.htm
UmanskyDec,"CST
Recently released documents show that NYPD commissioners have used their authority to reject the civilian review board’s recommendations and even guilty pleas from officers themselves.by Mollie Simon and Eric UmanskyDec.",propub3r6espa33w.htm
Bernice,"But by the time the pandemic hit, a transformed industry had assembled a workforce from the most vulnerable parts of the world.by Michael Grabell and Bernice YeungDec.",propub3r6espa33w.htm
YeungDec,"But by the time the pandemic hit, a transformed industry had assembled a workforce from the most vulnerable parts of the world.by Michael Grabell and Bernice YeungDec.",propub3r6espa33w.htm
Ryan,"States and the federal government also don’t reliably collect data so we won’t have a good idea of whether the vaccine is reaching these critical populations.by Caroline Chen, Ryan Gabrielson and Topher SandersDec.",propub3r6espa33w.htm
Gabrielson,"States and the federal government also don’t reliably collect data so we won’t have a good idea of whether the vaccine is reaching these critical populations.by Caroline Chen, Ryan Gabrielson and Topher SandersDec.",propub3r6espa33w.htm
Topher,"States and the federal government also don’t reliably collect data so we won’t have a good idea of whether the vaccine is reaching these critical populations.by Caroline Chen, Ryan Gabrielson and Topher SandersDec.",propub3r6espa33w.htm
SandersDec,"States and the federal government also don’t reliably collect data so we won’t have a good idea of whether the vaccine is reaching these critical populations.by Caroline Chen, Ryan Gabrielson and Topher SandersDec.",propub3r6espa33w.htm
Kim,"But one district has filed nearly 300 lawsuits against parents, and others also have returned to court.by Ellis Simani, ProPublica, and Kim Kilbride,  South Bend TribuneDec.",propub3r6espa33w.htm
Kilbride,"But one district has filed nearly 300 lawsuits against parents, and others also have returned to court.by Ellis Simani, ProPublica, and Kim Kilbride,  South Bend TribuneDec.",propub3r6espa33w.htm
Katie,"ProPublica and The New York Times Magazine, with support from the Pulitzer Center, examine the implications.by Katie Thomas,  The New York Times, and Charles Ornstein, ProPublicaDec.",propub3r6espa33w.htm
Thomas,"ProPublica and The New York Times Magazine, with support from the Pulitzer Center, examine the implications.by Katie Thomas,  The New York Times, and Charles Ornstein, ProPublicaDec.",propub3r6espa33w.htm
Charles,"ProPublica and The New York Times Magazine, with support from the Pulitzer Center, examine the implications.by Katie Thomas,  The New York Times, and Charles Ornstein, ProPublicaDec.",propub3r6espa33w.htm
Ornstein,"ProPublica and The New York Times Magazine, with support from the Pulitzer Center, examine the implications.by Katie Thomas,  The New York Times, and Charles Ornstein, ProPublicaDec.",propub3r6espa33w.htm
Joseph,"22, 2:04 p.m. EST
by Joseph Singer, Nadia Sussman, Nina Martin and Akilah JohnsonDec.",propub3r6espa33w.htm
Singer,"22, 2:04 p.m. EST
by Joseph Singer, Nadia Sussman, Nina Martin and Akilah JohnsonDec.",propub3r6espa33w.htm
Nina,"22, 2:04 p.m. EST
by Joseph Singer, Nadia Sussman, Nina Martin and Akilah JohnsonDec.",propub3r6espa33w.htm
Martin,"22, 2:04 p.m. EST
by Joseph Singer, Nadia Sussman, Nina Martin and Akilah JohnsonDec.",propub3r6espa33w.htm
Akilah,"22, 2:04 p.m. EST
by Joseph Singer, Nadia Sussman, Nina Martin and Akilah JohnsonDec.",propub3r6espa33w.htm
JohnsonDec,"22, 2:04 p.m. EST
by Joseph Singer, Nadia Sussman, Nina Martin and Akilah JohnsonDec.",propub3r6espa33w.htm
Karen,"by Vianna Davila, ProPublica, and Karen Brooks Harper,  The Texas TribuneDec.",propub3r6espa33w.htm
Brooks,"by Vianna Davila, ProPublica, and Karen Brooks Harper,  The Texas TribuneDec.",propub3r6espa33w.htm
Harper,"by Vianna Davila, ProPublica, and Karen Brooks Harper,  The Texas TribuneDec.",propub3r6espa33w.htm
CST,"2:15 p.m. CST
by ProPublicaDec.",propub3r6espa33w.htm
Mike,"21, 12:14 p.m. EST
by Mike Spies, Jake Pearson, Lydia DePillis, Dara Lind and Rob WeychertDec.",propub3r6espa33w.htm
Spies,"21, 12:14 p.m. EST
by Mike Spies, Jake Pearson, Lydia DePillis, Dara Lind and Rob WeychertDec.",propub3r6espa33w.htm
Jake,"21, 12:14 p.m. EST
by Mike Spies, Jake Pearson, Lydia DePillis, Dara Lind and Rob WeychertDec.",propub3r6espa33w.htm
Pearson,"21, 12:14 p.m. EST
by Mike Spies, Jake Pearson, Lydia DePillis, Dara Lind and Rob WeychertDec.",propub3r6espa33w.htm
Lydia,"21, 12:14 p.m. EST
by Mike Spies, Jake Pearson, Lydia DePillis, Dara Lind and Rob WeychertDec.",propub3r6espa33w.htm
DePillis,"21, 12:14 p.m. EST
by Mike Spies, Jake Pearson, Lydia DePillis, Dara Lind and Rob WeychertDec.",propub3r6espa33w.htm
Dara,"21, 12:14 p.m. EST
by Mike Spies, Jake Pearson, Lydia DePillis, Dara Lind and Rob WeychertDec.",propub3r6espa33w.htm
Lind,"21, 12:14 p.m. EST
by Mike Spies, Jake Pearson, Lydia DePillis, Dara Lind and Rob WeychertDec.",propub3r6espa33w.htm
Rob,"21, 12:14 p.m. EST
by Mike Spies, Jake Pearson, Lydia DePillis, Dara Lind and Rob WeychertDec.",propub3r6espa33w.htm
WeychertDec,"21, 12:14 p.m. EST
by Mike Spies, Jake Pearson, Lydia DePillis, Dara Lind and Rob WeychertDec.",propub3r6espa33w.htm
Bernice,"21, 6 a.m. EST
by Bernice Yeung and Michael GrabellDec.",propub3r6espa33w.htm
Yeung,"21, 6 a.m. EST
by Bernice Yeung and Michael GrabellDec.",propub3r6espa33w.htm
Michael,"21, 6 a.m. EST
by Bernice Yeung and Michael GrabellDec.",propub3r6espa33w.htm
GrabellDec,"21, 6 a.m. EST
by Bernice Yeung and Michael GrabellDec.",propub3r6espa33w.htm
Ren,by Vianna Davila and Ren LarsonDec.,propub3r6espa33w.htm
LarsonDec,by Vianna Davila and Ren LarsonDec.,propub3r6espa33w.htm
CST,"CST
by Rob Perez,  Honolulu Star-Advertiser, and Agnel Philip, ProPublicaDec.",propub3r6espa33w.htm
Rob,"CST
by Rob Perez,  Honolulu Star-Advertiser, and Agnel Philip, ProPublicaDec.",propub3r6espa33w.htm
Perez,"CST
by Rob Perez,  Honolulu Star-Advertiser, and Agnel Philip, ProPublicaDec.",propub3r6espa33w.htm
Agnel,"CST
by Rob Perez,  Honolulu Star-Advertiser, and Agnel Philip, ProPublicaDec.",propub3r6espa33w.htm
Philip,"CST
by Rob Perez,  Honolulu Star-Advertiser, and Agnel Philip, ProPublicaDec.",propub3r6espa33w.htm
Raymond,"19, 5:30 a.m. EST
by Raymond Zhong, Paul Mozur and Aaron Krolik,  The New York Times, and Jeff Kao, ProPublicaDec.",propub3r6espa33w.htm
Zhong,"19, 5:30 a.m. EST
by Raymond Zhong, Paul Mozur and Aaron Krolik,  The New York Times, and Jeff Kao, ProPublicaDec.",propub3r6espa33w.htm
Paul,"19, 5:30 a.m. EST
by Raymond Zhong, Paul Mozur and Aaron Krolik,  The New York Times, and Jeff Kao, ProPublicaDec.",propub3r6espa33w.htm
Mozur,"19, 5:30 a.m. EST
by Raymond Zhong, Paul Mozur and Aaron Krolik,  The New York Times, and Jeff Kao, ProPublicaDec.",propub3r6espa33w.htm
Aaron,"19, 5:30 a.m. EST
by Raymond Zhong, Paul Mozur and Aaron Krolik,  The New York Times, and Jeff Kao, ProPublicaDec.",propub3r6espa33w.htm
Krolik,"19, 5:30 a.m. EST
by Raymond Zhong, Paul Mozur and Aaron Krolik,  The New York Times, and Jeff Kao, ProPublicaDec.",propub3r6espa33w.htm
Jeff,"19, 5:30 a.m. EST
by Raymond Zhong, Paul Mozur and Aaron Krolik,  The New York Times, and Jeff Kao, ProPublicaDec.",propub3r6espa33w.htm
Kao,"19, 5:30 a.m. EST
by Raymond Zhong, Paul Mozur and Aaron Krolik,  The New York Times, and Jeff Kao, ProPublicaDec.",propub3r6espa33w.htm
Abrahm,"18, 4:23 p.m. EST
by Abrahm LustgartenDec.",propub3r6espa33w.htm
LustgartenDec,"18, 4:23 p.m. EST
by Abrahm LustgartenDec.",propub3r6espa33w.htm
Mick,"18, 6 a.m. EST
by Mick DumkeDec.",propub3r6espa33w.htm
DumkeDec,"18, 6 a.m. EST
by Mick DumkeDec.",propub3r6espa33w.htm
CST,"4 a.m. CST
by Joaquin Sapien and Joshua KaplanDec.",propub3r6espa33w.htm
Joaquin,"4 a.m. CST
by Joaquin Sapien and Joshua KaplanDec.",propub3r6espa33w.htm
Sapien,"4 a.m. CST
by Joaquin Sapien and Joshua KaplanDec.",propub3r6espa33w.htm
Joshua,"4 a.m. CST
by Joaquin Sapien and Joshua KaplanDec.",propub3r6espa33w.htm
KaplanDec,"4 a.m. CST
by Joaquin Sapien and Joshua KaplanDec.",propub3r6espa33w.htm
Dara,"16, 11:10 a.m. EST
by Dara LindDec.",propub3r6espa33w.htm
LindDec,"16, 11:10 a.m. EST
by Dara LindDec.",propub3r6espa33w.htm
Ian,"16, 5:30 a.m. EST
Ian MacDougall for  ProPublicaDec.",propub3r6espa33w.htm
MacDougall,"16, 5:30 a.m. EST
Ian MacDougall for  ProPublicaDec.",propub3r6espa33w.htm
Paxful,"Bitcoin: Coinbase, BTC.com, Bitstamp, Kraken, LocalBitcoins, Paxful, CEX.IO, BitPanda or etc.",horizontjsecs65q.htm
Dash,"We can accept Dash (DASH), Bitcoin Cash (BCH) or Ethereum (ETH).",horizontjsecs65q.htm
Bitcoin,"We can accept Dash (DASH), Bitcoin Cash (BCH) or Ethereum (ETH).",horizontjsecs65q.htm
Cash,"We can accept Dash (DASH), Bitcoin Cash (BCH) or Ethereum (ETH).",horizontjsecs65q.htm
Bitcoins,so we offer Cash in exchange for Bitcoins.,zvvtba2a37mcydnntjkzy26lrv3y5elfyotr4glujkaaanyz5a4uerqd.htm
Admin,"Admin and Support work from Monday till Friday,",netauth3qialu2ha.htm
Bitcoins,so we offer Cash in exchange for Bitcoins.,bnrub6cwicyu7snv.htm
Sol,"Existing online within a remote bunker somewhere within Milwaukee, Wisconsin State, United States of America, North American Continent, Terra and Sol universal region.",xjfbpuj56rdazx4iolylxplbvyft2onuerjeimlcqwaihp3s6r4xebqd.htm
S,S-Config acts as a core dump of information in visual form without any malicious nature of spying on you the reader with analytic cookies and/or software.,xjfbpuj56rdazx4iolylxplbvyft2onuerjeimlcqwaihp3s6r4xebqd.htm
-,S-Config acts as a core dump of information in visual form without any malicious nature of spying on you the reader with analytic cookies and/or software.,xjfbpuj56rdazx4iolylxplbvyft2onuerjeimlcqwaihp3s6r4xebqd.htm
Config,S-Config acts as a core dump of information in visual form without any malicious nature of spying on you the reader with analytic cookies and/or software.,xjfbpuj56rdazx4iolylxplbvyft2onuerjeimlcqwaihp3s6r4xebqd.htm
S,"Instead, S-Config takes back all data created.",xjfbpuj56rdazx4iolylxplbvyft2onuerjeimlcqwaihp3s6r4xebqd.htm
-,"Instead, S-Config takes back all data created.",xjfbpuj56rdazx4iolylxplbvyft2onuerjeimlcqwaihp3s6r4xebqd.htm
Config,"Instead, S-Config takes back all data created.",xjfbpuj56rdazx4iolylxplbvyft2onuerjeimlcqwaihp3s6r4xebqd.htm
Texts,TXT – Texts Containing guides such as tutorials on how to do things.,xjfbpuj56rdazx4iolylxplbvyft2onuerjeimlcqwaihp3s6r4xebqd.htm
Containing,TXT – Texts Containing guides such as tutorials on how to do things.,xjfbpuj56rdazx4iolylxplbvyft2onuerjeimlcqwaihp3s6r4xebqd.htm
Covid,That is when a team of DarkNet Carders created Covid Market.,covid35fc774e3y2hapsm2z4cez22uz52fk5fynbsusg5yzj7xb676qd.htm
Market,That is when a team of DarkNet Carders created Covid Market.,covid35fc774e3y2hapsm2z4cez22uz52fk5fynbsusg5yzj7xb676qd.htm
Covid,For almost 1 year Covid Market helped thousands of customers to Cashout in the pandemic.,covid35fc774e3y2hapsm2z4cez22uz52fk5fynbsusg5yzj7xb676qd.htm
Market,For almost 1 year Covid Market helped thousands of customers to Cashout in the pandemic.,covid35fc774e3y2hapsm2z4cez22uz52fk5fynbsusg5yzj7xb676qd.htm
Covid,Covid Market is – Spreading Wealth.,covid35fc774e3y2hapsm2z4cez22uz52fk5fynbsusg5yzj7xb676qd.htm
Market,Covid Market is – Spreading Wealth.,covid35fc774e3y2hapsm2z4cez22uz52fk5fynbsusg5yzj7xb676qd.htm
BitcoinsChat,Trusted Escrow ServiceWe ship to all countriesWe accept BitcoinsChat to our staff 24/7Spreading Wealth,covid35fc774e3y2hapsm2z4cez22uz52fk5fynbsusg5yzj7xb676qd.htm
Kaizushi,"Owner should contact Kaizushi, as she may have not been able to reach them.
",cyjabr4pfzupo7pg.htm
Kaizushi,"Kaizushi's Little Onion Server
",cyjabr4pfzupo7pg.htm
Kaizushi,"Owner should contact Kaizushi, as she may have not been able to reach them.
",cyruservvvklto2l.htm
Kaizushi,"Kaizushi's Little Onion Server
",cyruservvvklto2l.htm
Bankor,"Bankor is considered to be the most trusted and security place throughout the DarkNet for the acquisition of all these services.
                                                ",bankors4d5cdq2tq.htm
DarkNet,"Bankor is considered to be the most trusted and security place throughout the DarkNet for the acquisition of all these services.
                                                ",bankors4d5cdq2tq.htm
Tor,"V2 onion addresses will be removed from the Tor network 
starting July 2021.",dreadditevelidot.htm
Priti,Agreement 'reached with France' over UK borderMigrant lorry deaths trial was halted after Priti Patel tweetLiveEFL Cup quarter-finals: Arsenal v Man City team news'Donald Trump was the worst interview,bbcnewsv2vjtpsuy.htm
Patel,Agreement 'reached with France' over UK borderMigrant lorry deaths trial was halted after Priti Patel tweetLiveEFL Cup quarter-finals: Arsenal v Man City team news'Donald Trump was the worst interview,bbcnewsv2vjtpsuy.htm
tweetLiveEFL,Agreement 'reached with France' over UK borderMigrant lorry deaths trial was halted after Priti Patel tweetLiveEFL Cup quarter-finals: Arsenal v Man City team news'Donald Trump was the worst interview,bbcnewsv2vjtpsuy.htm
Cup,Agreement 'reached with France' over UK borderMigrant lorry deaths trial was halted after Priti Patel tweetLiveEFL Cup quarter-finals: Arsenal v Man City team news'Donald Trump was the worst interview,bbcnewsv2vjtpsuy.htm
news'Donald,Agreement 'reached with France' over UK borderMigrant lorry deaths trial was halted after Priti Patel tweetLiveEFL Cup quarter-finals: Arsenal v Man City team news'Donald Trump was the worst interview,bbcnewsv2vjtpsuy.htm
Trump,Agreement 'reached with France' over UK borderMigrant lorry deaths trial was halted after Priti Patel tweetLiveEFL Cup quarter-finals: Arsenal v Man City team news'Donald Trump was the worst interview,bbcnewsv2vjtpsuy.htm
D'Amelio,I've ever done'Pakistani rights activist found dead in TorontoCharli and Dixie D'Amelio get own reality TV showTesco puts buying caps on several productsHigh death rate 'may be starting to fall'Will schools be closed next term by variant of virus?EU urges countries to lift UK travel bansEU and UK in 'final push' for Brexit trade dealGiant iceberg,bbcnewsv2vjtpsuy.htm
Féin,"againSinn Féin calls for all-Ireland travel ban from GBEvery memorable line from 2020's biggest BBC dramasCan you solve these riddles from more than 1,000 years",bbcnewsv2vjtpsuy.htm
cake'It,"Fast planes and homeworkingWould it even be Christmas without a decadent dessert?Begin your Christmas dinner magnificently with these great startersNigella's dark and delicious chocolate fruit cake'It's a very, very grim existence in Russian labour camp''My son was murdered after his school excluded him''Beethoven's post-mortem made for grim reading'Fines for revellers crossing tiers to drink'Sweden",bbcnewsv2vjtpsuy.htm
reading'Fines,"Fast planes and homeworkingWould it even be Christmas without a decadent dessert?Begin your Christmas dinner magnificently with these great startersNigella's dark and delicious chocolate fruit cake'It's a very, very grim existence in Russian labour camp''My son was murdered after his school excluded him''Beethoven's post-mortem made for grim reading'Fines for revellers crossing tiers to drink'Sweden",bbcnewsv2vjtpsuy.htm
David,Millane's killer guilty of more attackslistenVisionary director David Fincher explores creating a work of genius.,bbcnewsv2vjtpsuy.htm
Fincher,Millane's killer guilty of more attackslistenVisionary director David Fincher explores creating a work of genius.,bbcnewsv2vjtpsuy.htm
David,AudioVisionary director David Fincher explores creating a work of geniuslistenFather Christmas answers the big questions from children.,bbcnewsv2vjtpsuy.htm
Fincher,AudioVisionary director David Fincher explores creating a work of geniuslistenFather Christmas answers the big questions from children.,bbcnewsv2vjtpsuy.htm
Shadow,"Don't use deepweb wallets such as Tor Wallet, Onion Wallet, Shadow Wallet, Hidden Wallet etc.",35flmpspwpnarbos.htm
Wallet,"Don't use deepweb wallets such as Tor Wallet, Onion Wallet, Shadow Wallet, Hidden Wallet etc.",35flmpspwpnarbos.htm
NowTransfer,1000$150$99Order NowTransfer:,srwmltrmx5uy3j74adakpixaptlr2lie42cshrlglsyy2mml24hcs4id.htm
NowTransfer,NowTransfer:,srwmltrmx5uy3j74adakpixaptlr2lie42cshrlglsyy2mml24hcs4id.htm
Gift,See moreAmazon Gift CardYou will receive your Amazon Gift Cards via email immediately.,srwmltrmx5uy3j74adakpixaptlr2lie42cshrlglsyy2mml24hcs4id.htm
CardYou,See moreAmazon Gift CardYou will receive your Amazon Gift Cards via email immediately.,srwmltrmx5uy3j74adakpixaptlr2lie42cshrlglsyy2mml24hcs4id.htm
chat,"
Random chat       Chat with friend

                Users online:
                85.
            ",tetatl6umgbmtv27.htm
      ,"
Random chat       Chat with friend

                Users online:
                85.
            ",tetatl6umgbmtv27.htm
Chat,"
Random chat       Chat with friend

                Users online:
                85.
            ",tetatl6umgbmtv27.htm
abusez,abusez du chocolat et l'alcool tant,dp742web5fzh674o.htm
du,abusez du chocolat et l'alcool tant,dp742web5fzh674o.htm
Envoyez,Envoyez vos dons en cryptomonnaie  ,dp742web5fzh674o.htm
David,"EN CLIQUANT ICIdemocratieparticipative@protonmail.comPropriété de David Johnson Jr, citoyen américain,",dp742web5fzh674o.htm
Johnson,"EN CLIQUANT ICIdemocratieparticipative@protonmail.comPropriété de David Johnson Jr, citoyen américain,",dp742web5fzh674o.htm
Jr,"EN CLIQUANT ICIdemocratieparticipative@protonmail.comPropriété de David Johnson Jr, citoyen américain,",dp742web5fzh674o.htm
Cashapp,"Never wait more than 10 minutes to receive cash in your Cashapp, Paypal, Apple Pay, Google Pay, Payoneer, Skrill, Venmo.",kingxgja6o7zl3fyiuw2cafyuwp2lfxhoozs3lj2sdftdfzb53hy5zqd.htm
Pay,"Never wait more than 10 minutes to receive cash in your Cashapp, Paypal, Apple Pay, Google Pay, Payoneer, Skrill, Venmo.",kingxgja6o7zl3fyiuw2cafyuwp2lfxhoozs3lj2sdftdfzb53hy5zqd.htm
Google,"Never wait more than 10 minutes to receive cash in your Cashapp, Paypal, Apple Pay, Google Pay, Payoneer, Skrill, Venmo.",kingxgja6o7zl3fyiuw2cafyuwp2lfxhoozs3lj2sdftdfzb53hy5zqd.htm
Pay,"Never wait more than 10 minutes to receive cash in your Cashapp, Paypal, Apple Pay, Google Pay, Payoneer, Skrill, Venmo.",kingxgja6o7zl3fyiuw2cafyuwp2lfxhoozs3lj2sdftdfzb53hy5zqd.htm
Paxful,"The sites we would personally recommend are localbitcoins.com, Paxful, coinbase.com or spectrocoin.com.",kingxgja6o7zl3fyiuw2cafyuwp2lfxhoozs3lj2sdftdfzb53hy5zqd.htm
Cocaine,"Heroin,
Cocaine,
",4p6i33oqj6wgvzgzczyqlueav3tz456rdu632xzyxbnhq4gpsriirtqd.htm
Ecstasy,"Ecstasy, 
",4p6i33oqj6wgvzgzczyqlueav3tz456rdu632xzyxbnhq4gpsriirtqd.htm
Bitcoins,"Speed, 
Cannabis
Prescriptions, 
Bitcoins and 
Services


",4p6i33oqj6wgvzgzczyqlueav3tz456rdu632xzyxbnhq4gpsriirtqd.htm
Heroin,"grade Heroin
is a tan-coloured, granular product often referred to as ˜brown
",4p6i33oqj6wgvzgzczyqlueav3tz456rdu632xzyxbnhq4gpsriirtqd.htm
John,"To understand why COVID-19 killed so many young Black men, you need to know the legend of John Henry.by Akilah Johnson and Nina MartinDec.",p53lf57qovyuvwsc6xnrppyply3vtqm7l6pcobkmyqsiofyeznfu5uqd.htm
Henry.by,"To understand why COVID-19 killed so many young Black men, you need to know the legend of John Henry.by Akilah Johnson and Nina MartinDec.",p53lf57qovyuvwsc6xnrppyply3vtqm7l6pcobkmyqsiofyeznfu5uqd.htm
Akilah,"To understand why COVID-19 killed so many young Black men, you need to know the legend of John Henry.by Akilah Johnson and Nina MartinDec.",p53lf57qovyuvwsc6xnrppyply3vtqm7l6pcobkmyqsiofyeznfu5uqd.htm
Johnson,"To understand why COVID-19 killed so many young Black men, you need to know the legend of John Henry.by Akilah Johnson and Nina MartinDec.",p53lf57qovyuvwsc6xnrppyply3vtqm7l6pcobkmyqsiofyeznfu5uqd.htm
Nina,"To understand why COVID-19 killed so many young Black men, you need to know the legend of John Henry.by Akilah Johnson and Nina MartinDec.",p53lf57qovyuvwsc6xnrppyply3vtqm7l6pcobkmyqsiofyeznfu5uqd.htm
MartinDec,"To understand why COVID-19 killed so many young Black men, you need to know the legend of John Henry.by Akilah Johnson and Nina MartinDec.",p53lf57qovyuvwsc6xnrppyply3vtqm7l6pcobkmyqsiofyeznfu5uqd.htm
CST,"CST
Recently released documents show that NYPD commissioners have used their authority to reject the civilian review board’s recommendations and even guilty pleas from officers themselves.by Mollie Simon and Eric UmanskyDec.",p53lf57qovyuvwsc6xnrppyply3vtqm7l6pcobkmyqsiofyeznfu5uqd.htm
themselves.by,"CST
Recently released documents show that NYPD commissioners have used their authority to reject the civilian review board’s recommendations and even guilty pleas from officers themselves.by Mollie Simon and Eric UmanskyDec.",p53lf57qovyuvwsc6xnrppyply3vtqm7l6pcobkmyqsiofyeznfu5uqd.htm
Mollie,"CST
Recently released documents show that NYPD commissioners have used their authority to reject the civilian review board’s recommendations and even guilty pleas from officers themselves.by Mollie Simon and Eric UmanskyDec.",p53lf57qovyuvwsc6xnrppyply3vtqm7l6pcobkmyqsiofyeznfu5uqd.htm
Simon,"CST
Recently released documents show that NYPD commissioners have used their authority to reject the civilian review board’s recommendations and even guilty pleas from officers themselves.by Mollie Simon and Eric UmanskyDec.",p53lf57qovyuvwsc6xnrppyply3vtqm7l6pcobkmyqsiofyeznfu5uqd.htm
Eric,"CST
Recently released documents show that NYPD commissioners have used their authority to reject the civilian review board’s recommendations and even guilty pleas from officers themselves.by Mollie Simon and Eric UmanskyDec.",p53lf57qovyuvwsc6xnrppyply3vtqm7l6pcobkmyqsiofyeznfu5uqd.htm
UmanskyDec,"CST
Recently released documents show that NYPD commissioners have used their authority to reject the civilian review board’s recommendations and even guilty pleas from officers themselves.by Mollie Simon and Eric UmanskyDec.",p53lf57qovyuvwsc6xnrppyply3vtqm7l6pcobkmyqsiofyeznfu5uqd.htm
Bernice,"But by the time the pandemic hit, a transformed industry had assembled a workforce from the most vulnerable parts of the world.by Michael Grabell and Bernice YeungDec.",p53lf57qovyuvwsc6xnrppyply3vtqm7l6pcobkmyqsiofyeznfu5uqd.htm
YeungDec,"But by the time the pandemic hit, a transformed industry had assembled a workforce from the most vulnerable parts of the world.by Michael Grabell and Bernice YeungDec.",p53lf57qovyuvwsc6xnrppyply3vtqm7l6pcobkmyqsiofyeznfu5uqd.htm
Ryan,"States and the federal government also don’t reliably collect data so we won’t have a good idea of whether the vaccine is reaching these critical populations.by Caroline Chen, Ryan Gabrielson and Topher SandersDec.",p53lf57qovyuvwsc6xnrppyply3vtqm7l6pcobkmyqsiofyeznfu5uqd.htm
Gabrielson,"States and the federal government also don’t reliably collect data so we won’t have a good idea of whether the vaccine is reaching these critical populations.by Caroline Chen, Ryan Gabrielson and Topher SandersDec.",p53lf57qovyuvwsc6xnrppyply3vtqm7l6pcobkmyqsiofyeznfu5uqd.htm
Topher,"States and the federal government also don’t reliably collect data so we won’t have a good idea of whether the vaccine is reaching these critical populations.by Caroline Chen, Ryan Gabrielson and Topher SandersDec.",p53lf57qovyuvwsc6xnrppyply3vtqm7l6pcobkmyqsiofyeznfu5uqd.htm
SandersDec,"States and the federal government also don’t reliably collect data so we won’t have a good idea of whether the vaccine is reaching these critical populations.by Caroline Chen, Ryan Gabrielson and Topher SandersDec.",p53lf57qovyuvwsc6xnrppyply3vtqm7l6pcobkmyqsiofyeznfu5uqd.htm
Kim,"But one district has filed nearly 300 lawsuits against parents, and others also have returned to court.by Ellis Simani, ProPublica, and Kim Kilbride,  South Bend TribuneDec.",p53lf57qovyuvwsc6xnrppyply3vtqm7l6pcobkmyqsiofyeznfu5uqd.htm
Kilbride,"But one district has filed nearly 300 lawsuits against parents, and others also have returned to court.by Ellis Simani, ProPublica, and Kim Kilbride,  South Bend TribuneDec.",p53lf57qovyuvwsc6xnrppyply3vtqm7l6pcobkmyqsiofyeznfu5uqd.htm
Katie,"ProPublica and The New York Times Magazine, with support from the Pulitzer Center, examine the implications.by Katie Thomas,  The New York Times, and Charles Ornstein, ProPublicaDec.",p53lf57qovyuvwsc6xnrppyply3vtqm7l6pcobkmyqsiofyeznfu5uqd.htm
Thomas,"ProPublica and The New York Times Magazine, with support from the Pulitzer Center, examine the implications.by Katie Thomas,  The New York Times, and Charles Ornstein, ProPublicaDec.",p53lf57qovyuvwsc6xnrppyply3vtqm7l6pcobkmyqsiofyeznfu5uqd.htm
Charles,"ProPublica and The New York Times Magazine, with support from the Pulitzer Center, examine the implications.by Katie Thomas,  The New York Times, and Charles Ornstein, ProPublicaDec.",p53lf57qovyuvwsc6xnrppyply3vtqm7l6pcobkmyqsiofyeznfu5uqd.htm
Ornstein,"ProPublica and The New York Times Magazine, with support from the Pulitzer Center, examine the implications.by Katie Thomas,  The New York Times, and Charles Ornstein, ProPublicaDec.",p53lf57qovyuvwsc6xnrppyply3vtqm7l6pcobkmyqsiofyeznfu5uqd.htm
Joseph,"22, 2:04 p.m. EST
by Joseph Singer, Nadia Sussman, Nina Martin and Akilah JohnsonDec.",p53lf57qovyuvwsc6xnrppyply3vtqm7l6pcobkmyqsiofyeznfu5uqd.htm
Singer,"22, 2:04 p.m. EST
by Joseph Singer, Nadia Sussman, Nina Martin and Akilah JohnsonDec.",p53lf57qovyuvwsc6xnrppyply3vtqm7l6pcobkmyqsiofyeznfu5uqd.htm
Nina,"22, 2:04 p.m. EST
by Joseph Singer, Nadia Sussman, Nina Martin and Akilah JohnsonDec.",p53lf57qovyuvwsc6xnrppyply3vtqm7l6pcobkmyqsiofyeznfu5uqd.htm
Martin,"22, 2:04 p.m. EST
by Joseph Singer, Nadia Sussman, Nina Martin and Akilah JohnsonDec.",p53lf57qovyuvwsc6xnrppyply3vtqm7l6pcobkmyqsiofyeznfu5uqd.htm
Akilah,"22, 2:04 p.m. EST
by Joseph Singer, Nadia Sussman, Nina Martin and Akilah JohnsonDec.",p53lf57qovyuvwsc6xnrppyply3vtqm7l6pcobkmyqsiofyeznfu5uqd.htm
JohnsonDec,"22, 2:04 p.m. EST
by Joseph Singer, Nadia Sussman, Nina Martin and Akilah JohnsonDec.",p53lf57qovyuvwsc6xnrppyply3vtqm7l6pcobkmyqsiofyeznfu5uqd.htm
Karen,"by Vianna Davila, ProPublica, and Karen Brooks Harper,  The Texas TribuneDec.",p53lf57qovyuvwsc6xnrppyply3vtqm7l6pcobkmyqsiofyeznfu5uqd.htm
Brooks,"by Vianna Davila, ProPublica, and Karen Brooks Harper,  The Texas TribuneDec.",p53lf57qovyuvwsc6xnrppyply3vtqm7l6pcobkmyqsiofyeznfu5uqd.htm
Harper,"by Vianna Davila, ProPublica, and Karen Brooks Harper,  The Texas TribuneDec.",p53lf57qovyuvwsc6xnrppyply3vtqm7l6pcobkmyqsiofyeznfu5uqd.htm
CST,"2:15 p.m. CST
by ProPublicaDec.",p53lf57qovyuvwsc6xnrppyply3vtqm7l6pcobkmyqsiofyeznfu5uqd.htm
Mike,"21, 12:14 p.m. EST
by Mike Spies, Jake Pearson, Lydia DePillis, Dara Lind and Rob WeychertDec.",p53lf57qovyuvwsc6xnrppyply3vtqm7l6pcobkmyqsiofyeznfu5uqd.htm
Spies,"21, 12:14 p.m. EST
by Mike Spies, Jake Pearson, Lydia DePillis, Dara Lind and Rob WeychertDec.",p53lf57qovyuvwsc6xnrppyply3vtqm7l6pcobkmyqsiofyeznfu5uqd.htm
Jake,"21, 12:14 p.m. EST
by Mike Spies, Jake Pearson, Lydia DePillis, Dara Lind and Rob WeychertDec.",p53lf57qovyuvwsc6xnrppyply3vtqm7l6pcobkmyqsiofyeznfu5uqd.htm
Pearson,"21, 12:14 p.m. EST
by Mike Spies, Jake Pearson, Lydia DePillis, Dara Lind and Rob WeychertDec.",p53lf57qovyuvwsc6xnrppyply3vtqm7l6pcobkmyqsiofyeznfu5uqd.htm
Lydia,"21, 12:14 p.m. EST
by Mike Spies, Jake Pearson, Lydia DePillis, Dara Lind and Rob WeychertDec.",p53lf57qovyuvwsc6xnrppyply3vtqm7l6pcobkmyqsiofyeznfu5uqd.htm
DePillis,"21, 12:14 p.m. EST
by Mike Spies, Jake Pearson, Lydia DePillis, Dara Lind and Rob WeychertDec.",p53lf57qovyuvwsc6xnrppyply3vtqm7l6pcobkmyqsiofyeznfu5uqd.htm
Dara,"21, 12:14 p.m. EST
by Mike Spies, Jake Pearson, Lydia DePillis, Dara Lind and Rob WeychertDec.",p53lf57qovyuvwsc6xnrppyply3vtqm7l6pcobkmyqsiofyeznfu5uqd.htm
Lind,"21, 12:14 p.m. EST
by Mike Spies, Jake Pearson, Lydia DePillis, Dara Lind and Rob WeychertDec.",p53lf57qovyuvwsc6xnrppyply3vtqm7l6pcobkmyqsiofyeznfu5uqd.htm
Rob,"21, 12:14 p.m. EST
by Mike Spies, Jake Pearson, Lydia DePillis, Dara Lind and Rob WeychertDec.",p53lf57qovyuvwsc6xnrppyply3vtqm7l6pcobkmyqsiofyeznfu5uqd.htm
WeychertDec,"21, 12:14 p.m. EST
by Mike Spies, Jake Pearson, Lydia DePillis, Dara Lind and Rob WeychertDec.",p53lf57qovyuvwsc6xnrppyply3vtqm7l6pcobkmyqsiofyeznfu5uqd.htm
Bernice,"21, 6 a.m. EST
by Bernice Yeung and Michael GrabellDec.",p53lf57qovyuvwsc6xnrppyply3vtqm7l6pcobkmyqsiofyeznfu5uqd.htm
Yeung,"21, 6 a.m. EST
by Bernice Yeung and Michael GrabellDec.",p53lf57qovyuvwsc6xnrppyply3vtqm7l6pcobkmyqsiofyeznfu5uqd.htm
Michael,"21, 6 a.m. EST
by Bernice Yeung and Michael GrabellDec.",p53lf57qovyuvwsc6xnrppyply3vtqm7l6pcobkmyqsiofyeznfu5uqd.htm
GrabellDec,"21, 6 a.m. EST
by Bernice Yeung and Michael GrabellDec.",p53lf57qovyuvwsc6xnrppyply3vtqm7l6pcobkmyqsiofyeznfu5uqd.htm
Ren,by Vianna Davila and Ren LarsonDec.,p53lf57qovyuvwsc6xnrppyply3vtqm7l6pcobkmyqsiofyeznfu5uqd.htm
LarsonDec,by Vianna Davila and Ren LarsonDec.,p53lf57qovyuvwsc6xnrppyply3vtqm7l6pcobkmyqsiofyeznfu5uqd.htm
CST,"CST
by Rob Perez,  Honolulu Star-Advertiser, and Agnel Philip, ProPublicaDec.",p53lf57qovyuvwsc6xnrppyply3vtqm7l6pcobkmyqsiofyeznfu5uqd.htm
Rob,"CST
by Rob Perez,  Honolulu Star-Advertiser, and Agnel Philip, ProPublicaDec.",p53lf57qovyuvwsc6xnrppyply3vtqm7l6pcobkmyqsiofyeznfu5uqd.htm
Perez,"CST
by Rob Perez,  Honolulu Star-Advertiser, and Agnel Philip, ProPublicaDec.",p53lf57qovyuvwsc6xnrppyply3vtqm7l6pcobkmyqsiofyeznfu5uqd.htm
Agnel,"CST
by Rob Perez,  Honolulu Star-Advertiser, and Agnel Philip, ProPublicaDec.",p53lf57qovyuvwsc6xnrppyply3vtqm7l6pcobkmyqsiofyeznfu5uqd.htm
Philip,"CST
by Rob Perez,  Honolulu Star-Advertiser, and Agnel Philip, ProPublicaDec.",p53lf57qovyuvwsc6xnrppyply3vtqm7l6pcobkmyqsiofyeznfu5uqd.htm
Raymond,"19, 5:30 a.m. EST
by Raymond Zhong, Paul Mozur and Aaron Krolik,  The New York Times, and Jeff Kao, ProPublicaDec.",p53lf57qovyuvwsc6xnrppyply3vtqm7l6pcobkmyqsiofyeznfu5uqd.htm
Zhong,"19, 5:30 a.m. EST
by Raymond Zhong, Paul Mozur and Aaron Krolik,  The New York Times, and Jeff Kao, ProPublicaDec.",p53lf57qovyuvwsc6xnrppyply3vtqm7l6pcobkmyqsiofyeznfu5uqd.htm
Paul,"19, 5:30 a.m. EST
by Raymond Zhong, Paul Mozur and Aaron Krolik,  The New York Times, and Jeff Kao, ProPublicaDec.",p53lf57qovyuvwsc6xnrppyply3vtqm7l6pcobkmyqsiofyeznfu5uqd.htm
Mozur,"19, 5:30 a.m. EST
by Raymond Zhong, Paul Mozur and Aaron Krolik,  The New York Times, and Jeff Kao, ProPublicaDec.",p53lf57qovyuvwsc6xnrppyply3vtqm7l6pcobkmyqsiofyeznfu5uqd.htm
Aaron,"19, 5:30 a.m. EST
by Raymond Zhong, Paul Mozur and Aaron Krolik,  The New York Times, and Jeff Kao, ProPublicaDec.",p53lf57qovyuvwsc6xnrppyply3vtqm7l6pcobkmyqsiofyeznfu5uqd.htm
Krolik,"19, 5:30 a.m. EST
by Raymond Zhong, Paul Mozur and Aaron Krolik,  The New York Times, and Jeff Kao, ProPublicaDec.",p53lf57qovyuvwsc6xnrppyply3vtqm7l6pcobkmyqsiofyeznfu5uqd.htm
Jeff,"19, 5:30 a.m. EST
by Raymond Zhong, Paul Mozur and Aaron Krolik,  The New York Times, and Jeff Kao, ProPublicaDec.",p53lf57qovyuvwsc6xnrppyply3vtqm7l6pcobkmyqsiofyeznfu5uqd.htm
Kao,"19, 5:30 a.m. EST
by Raymond Zhong, Paul Mozur and Aaron Krolik,  The New York Times, and Jeff Kao, ProPublicaDec.",p53lf57qovyuvwsc6xnrppyply3vtqm7l6pcobkmyqsiofyeznfu5uqd.htm
Abrahm,"18, 4:23 p.m. EST
by Abrahm LustgartenDec.",p53lf57qovyuvwsc6xnrppyply3vtqm7l6pcobkmyqsiofyeznfu5uqd.htm
LustgartenDec,"18, 4:23 p.m. EST
by Abrahm LustgartenDec.",p53lf57qovyuvwsc6xnrppyply3vtqm7l6pcobkmyqsiofyeznfu5uqd.htm
Mick,"18, 6 a.m. EST
by Mick DumkeDec.",p53lf57qovyuvwsc6xnrppyply3vtqm7l6pcobkmyqsiofyeznfu5uqd.htm
DumkeDec,"18, 6 a.m. EST
by Mick DumkeDec.",p53lf57qovyuvwsc6xnrppyply3vtqm7l6pcobkmyqsiofyeznfu5uqd.htm
CST,"4 a.m. CST
by Joaquin Sapien and Joshua KaplanDec.",p53lf57qovyuvwsc6xnrppyply3vtqm7l6pcobkmyqsiofyeznfu5uqd.htm
Joaquin,"4 a.m. CST
by Joaquin Sapien and Joshua KaplanDec.",p53lf57qovyuvwsc6xnrppyply3vtqm7l6pcobkmyqsiofyeznfu5uqd.htm
Sapien,"4 a.m. CST
by Joaquin Sapien and Joshua KaplanDec.",p53lf57qovyuvwsc6xnrppyply3vtqm7l6pcobkmyqsiofyeznfu5uqd.htm
Joshua,"4 a.m. CST
by Joaquin Sapien and Joshua KaplanDec.",p53lf57qovyuvwsc6xnrppyply3vtqm7l6pcobkmyqsiofyeznfu5uqd.htm
KaplanDec,"4 a.m. CST
by Joaquin Sapien and Joshua KaplanDec.",p53lf57qovyuvwsc6xnrppyply3vtqm7l6pcobkmyqsiofyeznfu5uqd.htm
Dara,"16, 11:10 a.m. EST
by Dara LindDec.",p53lf57qovyuvwsc6xnrppyply3vtqm7l6pcobkmyqsiofyeznfu5uqd.htm
LindDec,"16, 11:10 a.m. EST
by Dara LindDec.",p53lf57qovyuvwsc6xnrppyply3vtqm7l6pcobkmyqsiofyeznfu5uqd.htm
Ian,"16, 5:30 a.m. EST
Ian MacDougall for  ProPublicaDec.",p53lf57qovyuvwsc6xnrppyply3vtqm7l6pcobkmyqsiofyeznfu5uqd.htm
MacDougall,"16, 5:30 a.m. EST
Ian MacDougall for  ProPublicaDec.",p53lf57qovyuvwsc6xnrppyply3vtqm7l6pcobkmyqsiofyeznfu5uqd.htm
deployd,"
        Unfortunately we have not deployd non-JavaScript version of Ahmia yet.
      
        
          ",msydqstlz2kzerdg.htm
non,"
        Unfortunately we have not deployd non-JavaScript version of Ahmia yet.
      
        
          ",msydqstlz2kzerdg.htm
-,"
        Unfortunately we have not deployd non-JavaScript version of Ahmia yet.
      
        
          ",msydqstlz2kzerdg.htm
JavaScript,"
        Unfortunately we have not deployd non-JavaScript version of Ahmia yet.
      
        
          ",msydqstlz2kzerdg.htm
Tor,Ahmia searches hidden services on the Tor network.,msydqstlz2kzerdg.htm
Kerri,Kerri Greenidge on African-American resistance before the Civil War; Neal Gabler on Edward Kennedy.,nytimes3xbfgragh.htm
Greenidge,Kerri Greenidge on African-American resistance before the Civil War; Neal Gabler on Edward Kennedy.,nytimes3xbfgragh.htm
Neal,Kerri Greenidge on African-American resistance before the Civil War; Neal Gabler on Edward Kennedy.,nytimes3xbfgragh.htm
Gabler,Kerri Greenidge on African-American resistance before the Civil War; Neal Gabler on Edward Kennedy.,nytimes3xbfgragh.htm
Edward,Kerri Greenidge on African-American resistance before the Civil War; Neal Gabler on Edward Kennedy.,nytimes3xbfgragh.htm
Kennedy,Kerri Greenidge on African-American resistance before the Civil War; Neal Gabler on Edward Kennedy.,nytimes3xbfgragh.htm
Gavin,Gavin Newsom of California selected Mr. Padilla to finish Ms. Harris’s term.,nytimes3xbfgragh.htm
Newsom,Gavin Newsom of California selected Mr. Padilla to finish Ms. Harris’s term.,nytimes3xbfgragh.htm
Padilla,Gavin Newsom of California selected Mr. Padilla to finish Ms. Harris’s term.,nytimes3xbfgragh.htm
Harris,Gavin Newsom of California selected Mr. Padilla to finish Ms. Harris’s term.,nytimes3xbfgragh.htm
Padilla,Mr. Padilla will be the first Latino senator to represent the state.,nytimes3xbfgragh.htm
Miguel,"Dr. Miguel Cardona, who was Connecticut’s first Latino commissioner of education, would be a blunt contrast to private-school champion Betsy DeVos.",nytimes3xbfgragh.htm
Cardona,"Dr. Miguel Cardona, who was Connecticut’s first Latino commissioner of education, would be a blunt contrast to private-school champion Betsy DeVos.",nytimes3xbfgragh.htm
Betsy,"Dr. Miguel Cardona, who was Connecticut’s first Latino commissioner of education, would be a blunt contrast to private-school champion Betsy DeVos.",nytimes3xbfgragh.htm
DeVos,"Dr. Miguel Cardona, who was Connecticut’s first Latino commissioner of education, would be a blunt contrast to private-school champion Betsy DeVos.",nytimes3xbfgragh.htm
Chadwick,"‘Cause of Life’ celebrates the messy, tenacious, and extraordinary lives of five people we lost to Covid-19.The artists on this list, like Chadwick Boseman, Jerry Stiller and Lynn Shelton, could help us better understand the time we’re living through.",nytimes3xbfgragh.htm
Boseman,"‘Cause of Life’ celebrates the messy, tenacious, and extraordinary lives of five people we lost to Covid-19.The artists on this list, like Chadwick Boseman, Jerry Stiller and Lynn Shelton, could help us better understand the time we’re living through.",nytimes3xbfgragh.htm
Jerry,"‘Cause of Life’ celebrates the messy, tenacious, and extraordinary lives of five people we lost to Covid-19.The artists on this list, like Chadwick Boseman, Jerry Stiller and Lynn Shelton, could help us better understand the time we’re living through.",nytimes3xbfgragh.htm
Stiller,"‘Cause of Life’ celebrates the messy, tenacious, and extraordinary lives of five people we lost to Covid-19.The artists on this list, like Chadwick Boseman, Jerry Stiller and Lynn Shelton, could help us better understand the time we’re living through.",nytimes3xbfgragh.htm
Lynn,"‘Cause of Life’ celebrates the messy, tenacious, and extraordinary lives of five people we lost to Covid-19.The artists on this list, like Chadwick Boseman, Jerry Stiller and Lynn Shelton, could help us better understand the time we’re living through.",nytimes3xbfgragh.htm
Shelton,"‘Cause of Life’ celebrates the messy, tenacious, and extraordinary lives of five people we lost to Covid-19.The artists on this list, like Chadwick Boseman, Jerry Stiller and Lynn Shelton, could help us better understand the time we’re living through.",nytimes3xbfgragh.htm
Katherine,"In her memoir, Katherine May writes about “a fallow period in life when you’re cut off from the world, feeling rejected, sidelined, blocked from progress.",nytimes3xbfgragh.htm
May,"In her memoir, Katherine May writes about “a fallow period in life when you’re cut off from the world, feeling rejected, sidelined, blocked from progress.",nytimes3xbfgragh.htm
kryptocg6rptq3wd.onionCheck,kryptocg6rptq3wd.onionCheck the URL!If,kryptocg6rptq3wd.htm
Tor,Wasabi creates trustless CoinJoin transactions over the Tor anonymity network.,wasabiukrxmkdgve5kynjztuovbg43uxcbcxn6y2okcrsg7gb6jdmbad.htm
Wasabi,This can be done with non-custodial software like Wasabi that eliminates the risk of funds disappearing or being stolen.,wasabiukrxmkdgve5kynjztuovbg43uxcbcxn6y2okcrsg7gb6jdmbad.htm
Wasabi,"No, Wasabi's coinjoin implementation is trustless by design.",wasabiukrxmkdgve5kynjztuovbg43uxcbcxn6y2okcrsg7gb6jdmbad.htm
Wasabi,"It is crucial to understand that Wasabi is not a fool-proof solution if you neglect to practice coin control after the mixing process.
                            
                                ",wasabiukrxmkdgve5kynjztuovbg43uxcbcxn6y2okcrsg7gb6jdmbad.htm
Tor,"If you do already have Tor, and it is running, then Wasabi will try to use that first.
                                
                                ",wasabiukrxmkdgve5kynjztuovbg43uxcbcxn6y2okcrsg7gb6jdmbad.htm
Wasabi,"If you do already have Tor, and it is running, then Wasabi will try to use that first.
                                
                                ",wasabiukrxmkdgve5kynjztuovbg43uxcbcxn6y2okcrsg7gb6jdmbad.htm
Bitcoin.it,"To check Bech32 adoption and exchange/wallet support you can follow Bitcoin.it Wiki and When Segwit? website.
                                
                                ",wasabiukrxmkdgve5kynjztuovbg43uxcbcxn6y2okcrsg7gb6jdmbad.htm
Wiki,"To check Bech32 adoption and exchange/wallet support you can follow Bitcoin.it Wiki and When Segwit? website.
                                
                                ",wasabiukrxmkdgve5kynjztuovbg43uxcbcxn6y2okcrsg7gb6jdmbad.htm
Wasabi,"If you set the target anonymity set to 53 then Wasabi will continue mixing until this is reached, so you may end up with an anonymity set of say 60, and you will pay 0.003% * 60 (=0.18%).
                                
                                ",wasabiukrxmkdgve5kynjztuovbg43uxcbcxn6y2okcrsg7gb6jdmbad.htm
BTC,"0.1 BTC (Anon set 3)
                                    0.3 BTC (Bob)      ->  ",wasabiukrxmkdgve5kynjztuovbg43uxcbcxn6y2okcrsg7gb6jdmbad.htm
Bob,"0.1 BTC (Anon set 3)
                                    0.3 BTC (Bob)      ->  ",wasabiukrxmkdgve5kynjztuovbg43uxcbcxn6y2okcrsg7gb6jdmbad.htm
Charlie,"(Anon set 3)
                                    0.4 BTC (Charlie)      ",wasabiukrxmkdgve5kynjztuovbg43uxcbcxn6y2okcrsg7gb6jdmbad.htm
Wasabi,"With Wasabi we are trying to do lower estimations, rather than higher ones.
                            
                                ",wasabiukrxmkdgve5kynjztuovbg43uxcbcxn6y2okcrsg7gb6jdmbad.htm
Wasabi,You can however manage your hardware wallet with the Wasabi interface.,wasabiukrxmkdgve5kynjztuovbg43uxcbcxn6y2okcrsg7gb6jdmbad.htm
Electrum,"Alternatively you can use your hardware wallet with Electrum, which connects to your Bitcoin Core full node through Electrum Personal Server.
                            
                                ",wasabiukrxmkdgve5kynjztuovbg43uxcbcxn6y2okcrsg7gb6jdmbad.htm
Wasabi,"You can use popular hardware wallets with Wasabi directly including Coldcard, Trezor and Ledger devices.",wasabiukrxmkdgve5kynjztuovbg43uxcbcxn6y2okcrsg7gb6jdmbad.htm
Hardware,"Plug in the device, and select Hardware Wallet in the starting page of Wasabi.",wasabiukrxmkdgve5kynjztuovbg43uxcbcxn6y2okcrsg7gb6jdmbad.htm
Wallet,"Plug in the device, and select Hardware Wallet in the starting page of Wasabi.",wasabiukrxmkdgve5kynjztuovbg43uxcbcxn6y2okcrsg7gb6jdmbad.htm
Wasabi,"Plug in the device, and select Hardware Wallet in the starting page of Wasabi.",wasabiukrxmkdgve5kynjztuovbg43uxcbcxn6y2okcrsg7gb6jdmbad.htm
Wasabi,"For this, the private key needs to be hot in Wasabi.",wasabiukrxmkdgve5kynjztuovbg43uxcbcxn6y2okcrsg7gb6jdmbad.htm
Max,Generally try to avoid the change and use the Max button extensively at sending.,wasabiukrxmkdgve5kynjztuovbg43uxcbcxn6y2okcrsg7gb6jdmbad.htm
Wasabi,"Other than Wasabi Wallet, as of 2020, JoinMarket is the only sound privacy enhancing concept that has a production ready implementation.
                            ",wasabiukrxmkdgve5kynjztuovbg43uxcbcxn6y2okcrsg7gb6jdmbad.htm
Wallet,"Other than Wasabi Wallet, as of 2020, JoinMarket is the only sound privacy enhancing concept that has a production ready implementation.
                            ",wasabiukrxmkdgve5kynjztuovbg43uxcbcxn6y2okcrsg7gb6jdmbad.htm
VoIP,"As such, Tutanota must now develop what is essentially a backdoor that would enable the police to monitor a mailbox by the […]December 13, 2020For most organizations, email is still the number one communication channel, even though a lot of them have in recent times moved to chat and VoIP.",ctemplar42u6fulx.htm
JavaScript,We strongly recommend you to enable JavaScript BEFORE proceeding to checkout!Delivery to anywhere in the world from 2 to 5 days.,qeybpwjb7qn2ws2dein5zvsqgxral3shzsobgypzom4oihqfdlvl4uid.htm
Bitcoin,Bitcoin FortuneNotice:,bitcoinzungukicl.htm
FortuneNotice,Bitcoin FortuneNotice:,bitcoinzungukicl.htm
Bitcoin,"Bitcoin Fortune was not part of this bust, we are completely isolated from this bust.  ",bitcoinzungukicl.htm
Fortune,"Bitcoin Fortune was not part of this bust, we are completely isolated from this bust.  ",bitcoinzungukicl.htm
Chat,"We provide accounts for traditional services, including Email (IMAP), Chat (XMPP), and VPN.We provide mailing lists for activist organizations.",vww6ybal4bd7szmgncyruucpgfkqahzddi37ktceo3ah7ngmcopnpyyd.htm
Min,Min order:,usjudr3c6ez6tesi.htm
